#CHROM	POS	REF	ALT	QUAL	FILTER	GENOTYPE	COVERAGE	FUNCTIONAL_CLASS	HGVS	EXOMISER_GENE	CADD(>0.483)	POLYPHEN(>0.956|>0.446)	MUTATIONTASTER(>0.94)	SIFT(<0.06)	REMM	DBSNP_ID	MAX_FREQUENCY	DBSNP_FREQUENCY	EVS_EA_FREQUENCY	EVS_AA_FREQUENCY	EXAC_AFR_FREQ	EXAC_AMR_FREQ	EXAC_EAS_FREQ	EXAC_FIN_FREQ	EXAC_NFE_FREQ	EXAC_SAS_FREQ	EXAC_OTH_FREQ	EXOMISER_VARIANT_SCORE	EXOMISER_GENE_PHENO_SCORE	EXOMISER_GENE_VARIANT_SCORE	EXOMISER_GENE_COMBINED_SCORE	CONTRIBUTING_VARIANT
10	96552306	G	A	1103.1	PASS	0/1	56	coding_transcript_intron_variant	CYP2C19:ENST00000371321.3:c.819+10552G>A:p.(=)	CYP2C19	.	.	.	.	0.092	rs113517853	0.92762256	0.21959999	.	.	.	.	.	.	.	.	.	0.072969735	0.5031914	0.529345	0.039305266	.
12	133349129	C	CAAAA	55.7	PASS	0/1	37	3_prime_UTR_exon_variant	GOLGA3:ENST00000204726.3:c.*558_*561dup:p.(=)	GOLGA3	.	.	.	.	0.595	rs34381645	0.0	.	.	.	.	.	.	.	.	.	.	0.595	0.5155689	0.5153462	0.039308902	CONTRIBUTING_VARIANT
12	86888778	G	A	614.8	PASS	0/1	47	5_prime_UTR_intron_variant	MGAT4C:ENST00000549405.2:c.-348-59736C>T:p.(=)	MGAT4C	.	.	.	.	0.005	rs565022381	0.0599	0.0599	.	.	.	.	.	.	.	.	.	0.00495823	0.50651246	0.72537905	0.20400673	.
6	137537095	C	T	1346.5	PASS	0/1	62	coding_transcript_intron_variant	IFNGR1:ENST00000367739.4:c.85+3285G>A:p.(=)	IFNGR1	.	.	.	.	0.032	rs139412564	0.79110295	0.2995	.	.	.	.	.	.	.	.	.	0.026778089	0.6383578	0.69110715	0.42416063	.
10	92672048	T	TAAAA	219.8	PASS	0/1	37	3_prime_UTR_exon_variant	ANKRD1:ENST00000371697.3:c.*571_*574dup:p.(=)	ANKRD1	.	.	.	.	0.671	rs71025330	0.0	.	.	.	.	.	.	.	.	.	.	0.671	0.5025939	0.40892288	0.013275864	CONTRIBUTING_VARIANT
2	222297538	A	AT	94.5	PASS	0/1	28	coding_transcript_intron_variant	EPHA4:ENST00000281821.2:c.2496+1323_2496+1324insA:p.(=)	EPHA4	.	.	.	.	0.155	rs34200694	0.0	.	.	.	.	.	.	.	.	.	.	0.155	0.5040001	0.474	0.02421737	.
2	240050495	C	A	691.2	PASS	0/1	39	coding_transcript_intron_variant	HDAC4:ENST00000345617.3:c.1295-2120G>T:p.(=)	HDAC4	.	.	.	.	0.658	rs138331881	0.8353222	0.2396	.	.	.	.	.	.	.	.	.	0.5417439	0.5095223	0.76199996	0.2701558	.
17	57159325	A	T	676.8	PASS	1/1	24	coding_transcript_intron_variant	TRIM37:ENST00000262294.7:c.370-745T>A:p.(=)	TRIM37	.	.	.	.	0.034	rs11871664	0.0	.	.	.	.	.	.	.	.	.	.	0.034	0.59255767	0.252	0.008046307	.
5	58069580	G	A	589.5	PASS	0/1	60	coding_transcript_intron_variant	RAB3C:ENST00000282878.4:c.371+47633G>A:p.(=)	RAB3C	.	.	.	.	0.027	rs189840534	0.51124746	0.2396	.	.	.	.	.	.	.	.	.	0.024561489	0.5036692	0.5636632	0.053344727	.
11	16743092	T	C	131.0	PASS	0/1	13	5_prime_UTR_intron_variant	SOX6:ENST00000530378.1:c.-334-6640A>G:p.(=)	SOX6	.	.	.	.	0.432	rs1477011706	0.0	.	.	.	.	.	.	.	.	.	.	0.432	0.50897956	0.59580874	0.07407312	.
